item_index,image_word,condition,rating,max_probability,top_one_token,p1,p2,p3,p4,p5,total_probability_mass,used_box_position
0,library,congruent,3.681520462036133,0.6465966701507568,4,0.0023319916799664497,0.01723121665418148,0.30543065071105957,0.6465966701507568,0.028409473598003387,0.9999868273735046,True
0,refrigerator,congruent,4.004080295562744,0.9032249450683594,4,0.000208247423870489,0.0006414472591131926,0.044968921691179276,0.9032249450683594,0.050956469029188156,0.9999953508377075,True
0,library,incongruent,1.0009489059448242,0.999072790145874,1,0.999072790145874,0.0009110365062952042,1.1468257071101107e-05,3.72319777852681e-06,9.413718657924619e-07,1.0000001192092896,True
0,refrigerator,incongruent,1.0779763460159302,0.9232898354530334,1,0.9232898354530334,0.07578824460506439,0.000655696785543114,0.0001878602779470384,7.831180846551433e-05,0.9999995231628418,True
1,delight,congruent,4.372645378112793,0.6203391551971436,4,5.261606929707341e-05,9.829975897446275e-05,0.003255241084843874,0.6203391551971436,0.37625470757484436,0.9999974966049194,True
1,disappointment,congruent,3.7877109050750732,0.7229374647140503,4,0.0008464727434329689,0.005519695580005646,0.2347034364938736,0.7229374647140503,0.03599293529987335,0.9999862313270569,True
1,delight,incongruent,1.190812349319458,0.8142128586769104,1,0.8142128586769104,0.18167544901371002,0.0033275019377470016,0.0006552239647135139,0.00012902123853564262,0.9999985694885254,True
1,disappointment,incongruent,1.619323492050171,0.5823091864585876,2,0.4002148509025574,0.5823091864585876,0.015518013387918472,0.0018533625407144427,0.0001045595490722917,0.9999974370002747,True
2,overcoat,congruent,3.997241973876953,0.8975040912628174,4,0.00030107906786724925,0.0009273888426832855,0.05063371732831001,0.8975040912628174,0.05063371732831001,0.9999939203262329,True
2,sandals,congruent,3.7517101764678955,0.6582441329956055,4,0.0012707101413980126,0.01205616258084774,0.27439698576927185,0.6582441329956055,0.054031968116760254,0.9999861717224121,True
2,overcoat,incongruent,1.043312430381775,0.9574419856071472,1,0.9574419856071472,0.042067065834999084,0.0002834456681739539,0.00015171752602327615,5.581375808105804e-05,0.9999989867210388,True
2,sandals,incongruent,1.0979732275009155,0.9036573767662048,1,0.9036573767662048,0.09524478018283844,0.0007272029179148376,0.00020834711904171854,0.00016226089792326093,0.9999988675117493,True
3,exam,congruent,4.004019260406494,0.9137673377990723,4,0.00014479678065981716,0.0004460055206436664,0.040148135274648666,0.9137673377990723,0.04549379646778107,0.9999968409538269,True
3,marathon,congruent,4.093893527984619,0.883200466632843,4,7.491149881388992e-05,0.00012350820179563016,0.011117853224277496,0.883200466632843,0.10548325628042221,0.9999976754188538,True
3,exam,incongruent,2.484731912612915,0.530768871307373,2,0.07183175534009933,0.530768871307373,0.25071749091148376,0.13419939577579498,0.01248248852789402,0.9999913573265076,True
3,marathon,incongruent,1.6737184524536133,0.5990325212478638,1,0.5990325212478638,0.17162570357322693,0.1944773942232132,0.026319654658436775,0.00854474026709795,0.9999934434890747,True
4,menu,congruent,3.3236422538757324,0.4533056616783142,3,0.006466057617217302,0.1146136224269867,0.4533056616783142,0.4000408351421356,0.02557375654578209,0.9999753832817078,True
4,prescription,congruent,3.8338170051574707,0.7346183061599731,4,0.0020633917301893234,0.017276566475629807,0.18574059009552002,0.7346183061599731,0.06030114367604256,0.999980092048645,True
4,menu,incongruent,1.5543386936187744,0.48376214504241943,1,0.48376214504241943,0.48376214504241943,0.02729199454188347,0.004742637742310762,0.000441133975982666,0.9999957084655762,True
4,prescription,incongruent,2.146277904510498,0.7762946486473083,2,0.05623459815979004,0.7762946486473083,0.13489976525306702,0.030100209638476372,0.0024707757402211428,0.9999916553497314,True
5,distress,congruent,4.6214399337768555,0.6221083998680115,5,4.1094306652667e-05,2.1996198483975604e-05,0.0005006311694160104,0.3773278295993805,0.6221083998680115,0.9999990463256836,True
5,tranquility,congruent,4.498820781707764,0.4996153712272644,4,7.363929853454465e-06,1.071445603884058e-05,0.0007511412841267884,0.4996153712272644,0.4996153712272644,0.9999991655349731,True
5,distress,incongruent,1.008098840713501,0.9922154545783997,1,0.9922154545783997,0.007575657684355974,0.00013875303557142615,3.5082259273622185e-05,3.5082259273622185e-05,0.9999998211860657,True
5,tranquility,incongruent,3.2807817459106445,0.5143235325813293,3,0.00831326562911272,0.10127630829811096,0.5143235325813293,0.35348907113075256,0.022597800940275192,0.9999837279319763,True
6,patients,congruent,3.558777332305908,0.5917955040931702,4,0.004518414381891489,0.09075478464365005,0.2795444130897522,0.5917955040931702,0.03338681906461716,0.9999735355377197,True
6,students,congruent,3.7608437538146973,0.6539269685745239,4,0.002081306418403983,0.010569744743406773,0.2725973129272461,0.6539269685745239,0.0608246810734272,0.9999775886535645,True
6,patients,incongruent,1.8663687705993652,0.7879767417907715,2,0.17582137882709503,0.7879767417907715,0.030553173273801804,0.005309345666319132,0.0003394150990061462,0.9999967813491821,True
6,students,incongruent,1.1582460403442383,0.8566239476203918,1,0.8566239476203918,0.1313675343990326,0.009516232647001743,0.002123358426615596,0.000368984357919544,0.9999978542327881,True
7,consensus,congruent,3.8781261444091797,0.8295115232467651,4,0.00019125206745229661,0.0011005796259269118,0.14414748549461365,0.8295115232467651,0.025049079209566116,0.9999930262565613,True
7,deadlock,congruent,3.7814784049987793,0.7460651993751526,4,0.0009898646967485547,0.013664660975337029,0.21375127136707306,0.7460651993751526,0.02552894689142704,0.9999882578849792,True
7,consensus,incongruent,2.4099860191345215,0.5899444818496704,2,0.01781478151679039,0.5899444818496704,0.35781943798065186,0.03328239545226097,0.0011388608254492283,0.9999921917915344,True
7,deadlock,incongruent,2.0424225330352783,0.8773711919784546,2,0.043681737035512924,0.8773711919784546,0.07201901078224182,0.006698810961097479,0.00022922070638742298,0.9999956488609314,True
8,cancer,congruent,3.710824489593506,0.650480329990387,4,0.0026583645958453417,0.028580112382769585,0.2711605429649353,0.650480329990387,0.04712063819169998,0.9999817609786987,True
8,engagement,congruent,4.134438514709473,0.814437210559845,4,0.0001462405052734539,0.0004504524986259639,0.02459387294948101,0.814437210559845,0.16037218272686005,0.9999948143959045,True
8,cancer,incongruent,2.754298686981201,0.4595518410205841,3,0.025926142930984497,0.35789933800697327,0.4595518410205841,0.1491946429014206,0.0074279638938605785,0.9999816417694092,True
8,engagement,incongruent,3.4773645401000977,0.452283650636673,3,0.005693410988897085,0.04767034575343132,0.452283650636673,0.452283650636673,0.042068932205438614,0.9999804496765137,True
9,classroom,congruent,4.05286979675293,0.933786153793335,4,7.92020873632282e-05,0.0001479689817642793,0.006291801575571299,0.933786153793335,0.05969494953751564,0.9999973177909851,True
9,terminal,congruent,4.058650493621826,0.9100152850151062,4,0.0001851593260653317,0.0003919822920579463,0.01470902655273676,0.9100152850151062,0.07469860464334488,0.9999954700469971,True
9,classroom,incongruent,3.6959950923919678,0.6917255520820618,4,0.0032033249735832214,0.05010843276977539,0.2245703935623169,0.6917255520820618,0.030392298474907875,0.9999757409095764,True
9,terminal,incongruent,2.5037648677825928,0.5400776267051697,2,0.04433227330446243,0.5400776267051697,0.28908273577690125,0.12050761282444,0.005999721121042967,0.9999807476997375,True
10,cash,congruent,4.292980194091797,0.7051597833633423,4,2.8252432457520626e-05,3.201420258847065e-05,0.0008256571600213647,0.7051597833633423,0.2939543128013611,0.9999989867210388,True
10,groceries,congruent,3.842895030975342,0.7880942225456238,4,0.0008143358863890171,0.004686179105192423,0.175847589969635,0.7880942225456238,0.030557727441191673,0.9999896883964539,True
10,cash,incongruent,3.0488381385803223,0.5012692213058472,3,0.013358372263610363,0.20896008610725403,0.5012692213058472,0.2683100998401642,0.008102262392640114,0.9999873042106628,True
10,groceries,incongruent,2.2709593772888184,0.4609757363796234,2,0.14965690672397614,0.4609757363796234,0.3590082824230194,0.029469192028045654,0.0008898925734683871,0.9999945163726807,True
11,confident,congruent,4.1368560791015625,0.8438185453414917,4,5.573970702243969e-05,0.00011800097126979381,0.009373977780342102,0.8438185453414917,0.14663366973400116,0.9999976754188538,True
11,lonely,congruent,3.9575035572052,0.9094817042350769,4,5.3017927712062374e-05,0.0003457203274592757,0.06588263809680939,0.9094817042350769,0.02423686534166336,0.9999967813491821,True
11,confident,incongruent,3.124342203140259,0.7990885376930237,3,0.003700514556840062,0.0351095013320446,0.7990885376930237,0.1573498547077179,0.004751554224640131,0.9999918937683105,True
11,lonely,incongruent,3.2787058353424072,0.5669012665748596,3,0.0033709178678691387,0.07672174274921417,0.5669012665748596,0.343843013048172,0.009163104929029942,0.9999756813049316,True
12,joy,congruent,4.98898458480835,0.989000141620636,5,1.196558741867193e-06,6.404717964869633e-07,1.1352633009664714e-05,0.010986799374222755,0.989000141620636,0.9999998807907104,True
12,outrage,congruent,4.094335556030273,0.838210940361023,4,0.00021898976410739124,0.0005253291456028819,0.032500963658094406,0.838210940361023,0.12854380905628204,0.999994158744812,True
12,joy,incongruent,1.9441884756088257,0.7154826521873474,2,0.18090234696865082,0.7154826521873474,0.08545222133398056,0.01484936848282814,0.0033133423421531916,0.999995768070221,True
12,outrage,incongruent,3.8550281524658203,0.7821910381317139,4,0.0007132659084163606,0.0036222634371370077,0.17453041672706604,0.7821910381317139,0.03894300013780594,0.9999877214431763,True
13,snowstorm,congruent,4.0483479499816895,0.8484717011451721,4,0.00046927641960792243,0.0018560243770480156,0.04786749929189682,0.8484717011451721,0.10133549571037292,0.9999935626983643,True
13,traffic,congruent,4.067723274230957,0.9174324870109558,4,6.867150659672916e-05,0.0001866684906417504,0.007004682905972004,0.9174324870109558,0.0753074437379837,0.9999979734420776,True
13,snowstorm,incongruent,2.8198623657226562,0.4472944140434265,3,0.013507121242582798,0.34835323691368103,0.4472944140434265,0.18646004796028137,0.004385120701044798,0.9999812245368958,True
13,traffic,incongruent,2.379410743713379,0.5944645404815674,2,0.03800284489989281,0.5944645404815674,0.3181939423084259,0.04879662021994591,0.0005420814850367606,0.9999924898147583,True
14,frustration,congruent,4.19065523147583,0.7909839749336243,4,7.6022777648177e-05,0.00016094022430479527,0.00878703873604536,0.7909839749336243,0.19999206066131592,0.9999980926513672,True
14,laughter,congruent,4.371380805969238,0.6197689175605774,4,5.9567017160588875e-05,8.666950452607125e-05,0.004175970330834389,0.6197689175605774,0.37590888142585754,0.9999984502792358,True
14,frustration,incongruent,2.1721200942993164,0.6665055155754089,2,0.10221193730831146,0.6665055155754089,0.19095703959465027,0.03760167211294174,0.002723855897784233,0.9999927878379822,True
14,laughter,incongruent,1.757514238357544,0.6044415831565857,2,0.3235342800617218,0.6044415831565857,0.06370767205953598,0.0076087964698672295,0.000707728264387697,0.9999957084655762,True
15,calculator,congruent,2.9213201999664307,0.43204325437545776,3,0.08507435768842697,0.20408278703689575,0.43204325437545776,0.2620474696159363,0.016752135008573532,0.9999861717224121,True
15,instrument,congruent,3.6803669929504395,0.6533719301223755,4,0.0020795396994799376,0.013560300692915916,0.3086310625076294,0.6533719301223755,0.0223571565002203,0.9999873638153076,True
15,calculator,incongruent,1.1163665056228638,0.9253131747245789,1,0.9253131747245789,0.04606862738728523,0.016947701573371887,0.010279301553964615,0.0013911520363762975,0.9999979138374329,True
15,instrument,incongruent,2.4236958026885986,0.4567595422267914,3,0.1904056966304779,0.27703866362571716,0.4567595422267914,0.07004634290933609,0.005749754142016172,0.9999932646751404,True
16,orchestra,congruent,4.197979927062988,0.7957756519317627,4,5.256615986581892e-05,9.820651757763699e-05,0.0028700153343379498,0.7957756519317627,0.2012035995721817,0.9999977946281433,True
16,racers,congruent,4.530686855316162,0.5310404300689697,5,1.1388378879928496e-05,1.290472391701769e-05,0.000293710152618587,0.4686415493488312,0.5310404300689697,0.9999995231628418,True
16,orchestra,incongruent,4.0260114669799805,0.851418137550354,4,0.0004709060303866863,0.0039428481832146645,0.05442933738231659,0.851418137550354,0.08973880857229233,0.9999905824661255,True
16,racers,incongruent,2.476073741912842,0.554634690284729,2,0.011511075310409069,0.554634690284729,0.38119450211524963,0.051589060574769974,0.001070696860551834,0.9999942779541016,True
17,playdate,congruent,3.8976869583129883,0.7861822843551636,4,0.00033864215947687626,0.0017197667621076107,0.15480846166610718,0.7861822843551636,0.05695085600018501,0.9999935030937195,True
17,retirement,congruent,3.9834210872650146,0.8849058151245117,4,0.00026197172701358795,0.0008069296600297093,0.06410236656665802,0.8849058151245117,0.04992297291755676,0.9999950528144836,True
17,playdate,incongruent,1.0005629062652588,0.9994432330131531,1,0.9994432330131531,0.0005527764442376792,2.2590709249925567e-06,1.2091935559510603e-06,5.040668611400179e-07,0.9999998211860657,True
17,retirement,incongruent,3.570681571960449,0.5511550903320312,4,0.0037136536557227373,0.03523416444659233,0.37880298495292664,0.5511550903320312,0.03109404444694519,0.9999838471412659,True
18,depressed,congruent,3.928708553314209,0.8370575904846191,4,0.00036055632517673075,0.002074858406558633,0.1132834255695343,0.8370575904846191,0.04722356051206589,0.9999929666519165,True
18,relieved,congruent,4.0952582359313965,0.8843207359313965,4,5.8415138482814655e-05,0.00017993130313698202,0.009823916479945183,0.8843207359313965,0.10561705380678177,0.9999966621398926,True
18,depressed,incongruent,3.4392971992492676,0.46801596879959106,3,0.002167344093322754,0.0493285208940506,0.46801596879959106,0.46801596879959106,0.012472203001379967,0.9999812841415405,True
18,relieved,incongruent,1.90842604637146,0.7903629541397095,2,0.1556316763162613,0.7903629541397095,0.04458922892808914,0.008780139498412609,0.0006360311526805162,0.9999958276748657,True
19,friends,congruent,3.1960692405700684,0.7165035605430603,3,0.004260485526174307,0.04042236879467964,0.7165035605430603,0.2326146513223648,0.006198970600962639,0.9999895691871643,True
19,weight,congruent,4.041627883911133,0.8789600729942322,4,0.00017884057888295501,0.00048613909166306257,0.03861881047487259,0.8789600729942322,0.08175602555274963,0.9999943971633911,True
19,friends,incongruent,3.2104525566101074,0.7230532765388489,3,0.0033484010491520166,0.03176874294877052,0.7230532765388489,0.23474101722240448,0.007088565267622471,0.9999904632568359,True
19,weight,incongruent,1.9477770328521729,0.4118274748325348,1,0.4118274748325348,0.24978600442409515,0.32073158025741577,0.014091961085796356,0.003563005942851305,0.9999936819076538,True
20,lipstick,congruent,3.223161220550537,0.575564444065094,3,0.004394488409161568,0.10001809895038605,0.575564444065094,0.30807748436927795,0.011945459060370922,0.9999887943267822,True
20,song,congruent,4.056812286376953,0.8734318614006042,4,9.512439282843843e-05,0.0005474030040204525,0.033866629004478455,0.8734318614006042,0.09205903857946396,0.999995768070221,True
20,lipstick,incongruent,2.809252977371216,0.7088087201118469,3,0.05818256363272667,0.1581566035747528,0.7088087201118469,0.06592947989702225,0.008922585286200047,0.9999932050704956,True
20,song,incongruent,1.000204086303711,0.9998108744621277,1,0.9998108744621277,0.0001795262360246852,5.421222795121139e-06,3.2881378047022736e-06,9.42067288178805e-07,1.0000001192092896,True
21,fought,congruent,4.083889961242676,0.8954453468322754,4,8.606273331679404e-05,0.00014189345529302955,0.009947500191628933,0.8954453468322754,0.0943792387843132,0.9999977350234985,True
21,sang,congruent,3.6838836669921875,0.6137106418609619,4,0.00468573858961463,0.03462318703532219,0.2898963987827301,0.6137106418609619,0.05708398297429085,0.9999783039093018,True
21,fought,incongruent,2.5183968544006348,0.5384112596511841,2,0.026805918663740158,0.5384112596511841,0.32656294107437134,0.10601945966482162,0.002200363902375102,0.9999915361404419,True
21,sang,incongruent,1.1500990390777588,0.8599212169647217,1,0.8599212169647217,0.13187319040298462,0.006565579213202,0.001464978908188641,0.0001749667717376724,0.9999982714653015,True
22,reassured,congruent,3.44119930267334,0.5795263648033142,3,0.003041075309738517,0.012027686461806297,0.5795263648033142,0.351500540971756,0.053904350847005844,0.9999850988388062,True
22,skeptical,congruent,3.7890453338623047,0.7284652590751648,4,0.00040290274773724377,0.0026272558607161045,0.23649804294109344,0.7284652590751648,0.03200652822852135,0.9999914765357971,True
22,reassured,incongruent,2.825460433959961,0.7737419009208679,3,0.0339958481490612,0.1523588001728058,0.7737419009208679,0.0339958481490612,0.00590759189799428,0.999991238117218,True
22,skeptical,incongruent,3.379765510559082,0.599885880947113,3,0.0021635263692587614,0.01598641648888588,0.599885880947113,0.3638491928577423,0.018114984035491943,0.9999868273735046,True
23,graduation,congruent,4.347678184509277,0.6509314179420471,4,3.348707832628861e-05,2.3015309125185013e-05,0.0005935726221650839,0.6509314179420471,0.3484185039997101,0.9999989867210388,True
23,operation,congruent,3.6147103309631348,0.6243752837181091,4,0.0025516790337860584,0.027433136478066444,0.3342040181159973,0.6243752837181091,0.01143583282828331,0.9999819993972778,True
23,graduation,incongruent,1.3676390647888184,0.6447478532791138,1,0.6447478532791138,0.34510865807533264,0.008116178214550018,0.001810964196920395,0.00021628881222568452,0.999997615814209,True
23,operation,incongruent,1.3566875457763672,0.6484390497207642,1,0.6484390497207642,0.3470844328403473,0.00385575951077044,0.0005912999040447176,2.9439090212690644e-05,0.9999985694885254,True
24,aftermath,congruent,4.143304824829102,0.8485254049301147,4,3.0001738196006045e-05,6.351368210744113e-05,0.003929452504962683,0.8485254049301147,0.14745159447193146,0.9999988675117493,True
24,bride,congruent,3.994548797607422,0.8238384127616882,4,0.0004556521598715335,0.002042091451585293,0.08683192729949951,0.8238384127616882,0.08683192729949951,0.9999914765357971,True
24,aftermath,incongruent,1.3039042949676514,0.7020301818847656,1,0.7020301818847656,0.2926497161388397,0.004730242304503918,0.0005649469094350934,2.482203308318276e-05,0.9999991059303284,True
24,bride,incongruent,1.6940569877624512,0.5136500597000122,2,0.40003105998039246,0.5136500597000122,0.07877078652381897,0.007326824124902487,0.00022125092800706625,0.9999976754188538,True
25,daughter,congruent,4.22154426574707,0.7766273021697998,4,3.525882857502438e-05,2.745960227912292e-05,0.0008024871931411326,0.7766273021697998,0.22250746190547943,0.9999989867210388,True
25,teacher,congruent,4.066678524017334,0.916569173336029,4,9.982242772821337e-05,0.00016457935271319002,0.007929877378046513,0.916569173336029,0.07523658126592636,0.9999972581863403,True
25,daughter,incongruent,2.417508840560913,0.624824047088623,2,0.012967808172106743,0.624824047088623,0.29514598846435547,0.0658559650182724,0.0012061941670253873,0.9999924898147583,True
25,teacher,incongruent,3.06252384185791,0.6431313753128052,3,0.0029782892670482397,0.14350201189517975,0.6431313753128052,0.20879417657852173,0.001594163361005485,0.9999911189079285,True
26,grandma,congruent,4.49932336807251,0.49978670477867126,4,1.2145232176408172e-05,1.2145232176408172e-05,0.00040219485526904464,0.49978670477867126,0.49978670477867126,0.9999991655349731,True
26,roommate,congruent,4.066779613494873,0.8996621370315552,4,6.734135968144983e-05,0.0001110271259676665,0.016477886587381363,0.8996621370315552,0.0836816132068634,0.9999980926513672,True
26,grandma,incongruent,2.610048532485962,0.47269824147224426,2,0.011116797104477882,0.47269824147224426,0.4171547293663025,0.09307979792356491,0.005950392689555883,0.9999887943267822,True
26,roommate,incongruent,2.9662606716156006,0.7476938962936401,3,0.019925367087125778,0.11466257274150848,0.7476938962936401,0.11466257274150848,0.003055654000490904,0.999993085861206,True
27,brother,congruent,4.290416717529297,0.7038564682006836,4,6.764881254639477e-05,0.0001263846061192453,0.0025385029148310423,0.7038564682006836,0.2934110164642334,0.9999978542327881,True
27,mother,congruent,4.161081314086914,0.8331552147865295,4,5.503532156581059e-05,8.007592259673402e-05,0.0026517503429204226,0.8331552147865295,0.16405797004699707,0.9999982118606567,True
27,brother,incongruent,2.9446773529052734,0.47084036469459534,3,0.008623742498457432,0.285579115152359,0.47084036469459534,0.22240924835205078,0.01254747062921524,0.9999855756759644,True
27,mother,incongruent,3.4491686820983887,0.5299378037452698,4,0.004046124871820211,0.09208937734365463,0.36422058939933777,0.5299378037452698,0.009706149809062481,0.9999727010726929,True
28,preschool,congruent,4.11421012878418,0.8273627758026123,4,0.00014856141933705658,0.00040383185842074454,0.02831079624593258,0.8273627758026123,0.14377407729625702,0.9999966621398926,True
28,prison,congruent,4.072261333465576,0.8662078380584717,4,0.0001555364578962326,0.0005428755539469421,0.02964000217616558,0.8662078380584717,0.10345377773046494,0.9999969601631165,True
28,preschool,incongruent,1.00007963180542,0.9999294281005859,1,0.9999294281005859,6.60518417134881e-05,1.3708623782804352e-06,1.5533906889686477e-06,1.5533906889686477e-06,0.9999999403953552,True
28,prison,incongruent,1.128298282623291,0.8768038749694824,1,0.8768038749694824,0.11866249889135361,0.004060407634824514,0.0003776767407543957,9.549163223709911e-05,0.9999988079071045,True
29,hopeful,congruent,4.12481164932251,0.8349769711494446,4,7.082126830937341e-05,0.00021814486535731703,0.01963677629828453,0.8349769711494446,0.14509722590446472,0.9999961256980896,True
29,hopeless,congruent,3.995061159133911,0.8714613914489746,4,0.0003753755008801818,0.001906314049847424,0.06312845647335052,0.8714613914489746,0.06312845647335052,0.9999940395355225,True
29,hopeful,incongruent,3.321542501449585,0.5755801200866699,3,0.004394608084112406,0.053537286818027496,0.5755801200866699,0.34910696744918823,0.017381012439727783,0.999979555606842,True
29,hopeless,incongruent,2.910374641418457,0.5463401675224304,3,0.011338927783071995,0.2580728232860565,0.5463401675224304,0.17737068235874176,0.006877407897263765,0.999976396560669,True
30,appalled,congruent,4.003973007202148,0.8488900065422058,4,0.00036565304617397487,0.002104188082739711,0.06968113780021667,0.8488900065422058,0.07895907014608383,0.9999925494194031,True
30,overjoyed,congruent,4.28898811340332,0.7030604481697083,4,5.963234434602782e-05,0.00011140789138153195,0.0036893226206302643,0.7030604481697083,0.2930791974067688,0.9999974966049194,True
30,appalled,incongruent,2.7725658416748047,0.5306169986724854,3,0.020574253052473068,0.3218354880809784,0.5306169986724854,0.11839666217565536,0.008576625026762486,0.9999808073043823,True
30,overjoyed,incongruent,4.040284633636475,0.7994321584701538,4,0.0007289877976290882,0.0028832026291638613,0.07435876876115799,0.7994321584701538,0.12259689718484879,0.9999881386756897,True
31,encouragement,congruent,4.030049800872803,0.8693050146102905,4,0.0001768760703271255,0.0006173581350594759,0.04904283583164215,0.8693050146102905,0.08085795491933823,0.9999942779541016,True
31,reprimand,congruent,4.146601676940918,0.7941030263900757,4,0.00034205394331365824,0.0011938855750486255,0.027172710746526718,0.7941030263900757,0.17718833684921265,0.9999935626983643,True
31,encouragement,incongruent,1.139176368713379,0.8643357157707214,1,0.8643357157707214,0.1325501799583435,0.0027509911451488733,0.0003285590501036495,3.462986569502391e-05,0.9999988079071045,True
31,reprimand,incongruent,1.6095843315124512,0.5858855843544006,2,0.4026728868484497,0.5858855843544006,0.010730869136750698,0.0006053941906429827,0.00010520173236727715,0.9999971389770508,True
32,angrily,congruent,4.1423211097717285,0.8479535579681396,4,9.234958270099014e-05,0.0001522587117506191,0.004449652042239904,0.8479535579681396,0.1473522186279297,0.9999977946281433,True
32,cordially,congruent,4.157629013061523,0.8306857943534851,4,5.4872198234079406e-05,9.046896593645215e-05,0.005597116891294718,0.8306857943534851,0.16357171535491943,0.9999976754188538,True
32,angrily,incongruent,2.3913536071777344,0.6568954586982727,2,0.007297449745237827,0.6568954586982727,0.273834764957428,0.0611007921397686,0.0008715559961274266,0.9999933838844299,True
32,cordially,incongruent,2.325063467025757,0.7264809012413025,2,0.004894989542663097,0.7264809012413025,0.2081402689218521,0.05963318422436714,0.0008506216108798981,0.9999939203262329,True
33,accusatory,congruent,4.137958526611328,0.8446992635726929,4,8.118544064927846e-05,0.00015167436504270881,0.008281140588223934,0.8446992635726929,0.14678671956062317,0.999997615814209,True
33,flirtatious,congruent,3.7601513862609863,0.6313856840133667,4,0.0005080969422124326,0.0033132079988718033,0.29824548959732056,0.6313856840133667,0.06654755771160126,0.9999885559082031,True
33,accusatory,incongruent,2.543135166168213,0.4892887473106384,2,0.016742540523409843,0.4892887473106384,0.43179580569267273,0.05843720957636833,0.0037357653491199017,0.9999893307685852,True
33,flirtatious,incongruent,2.682612419128418,0.5997973680496216,3,0.02635325863957405,0.32104843854904175,0.5997973680496216,0.04923436790704727,0.003566525410860777,0.9999873638153076,True
34,disapprovingly,congruent,4.120672225952148,0.8323571085929871,4,0.00014945821021683514,0.0006698252400383353,0.022181564942002296,0.8323571085929871,0.1446419656276703,0.9999949336051941,True
34,lovingly,congruent,3.9575700759887695,0.7370908260345459,4,0.0008630445809103549,0.0038678976707160473,0.14514178037643433,0.7370908260345459,0.11303654313087463,0.9999849796295166,True
34,disapprovingly,incongruent,2.3209354877471924,0.6101987361907959,2,0.04420264810323715,0.6101987361907959,0.3266158401966095,0.018426405265927315,0.000556429207790643,0.9999915957450867,True
34,lovingly,incongruent,2.194089412689209,0.7669115662574768,2,0.026242269203066826,0.7669115662574768,0.19390560686588287,0.012395970523357391,0.0005446409340947866,0.9999946355819702,True
35,distant,congruent,3.917099952697754,0.8457257151603699,4,0.00028370937798172235,0.0023754697758704424,0.11445652693510056,0.8457257151603699,0.03715859726071358,0.999994158744812,True
35,playful,congruent,3.79754638671875,0.6794084906578064,4,0.0007955055334605277,0.006660687271505594,0.24994045495986938,0.6794084906578064,0.06319483369588852,0.9999855756759644,True
35,distant,incongruent,2.3992581367492676,0.5960090756416321,2,0.015883103013038635,0.5960090756416321,0.36149775981903076,0.026186810806393623,0.0004232703649904579,0.9999903440475464,True
35,playful,incongruent,2.539011240005493,0.4800998568534851,2,0.027085382491350174,0.4800998568534851,0.4236866235733032,0.06497444957494736,0.004153677728027105,0.9999858736991882,True
36,headphones,congruent,3.9221067428588867,0.8867921829223633,4,0.00015923258615657687,0.0011765784583985806,0.09346720576286316,0.8867921829223633,0.018404783681035042,0.9999959468841553,True
36,mangoes,congruent,2.7897188663482666,0.49753716588020325,3,0.011700953356921673,0.34195196628570557,0.49753716588020325,0.14254678785800934,0.006263068877160549,0.9999902248382568,True
36,headphones,incongruent,1.1233676671981812,0.8789432644844055,1,0.8789432644844055,0.11895202845335007,0.0019226805306971073,0.00015782321861479431,2.4202978238463402e-05,0.9999995827674866,True
36,mangoes,incongruent,1.7343642711639404,0.6196603775024414,2,0.3316802978515625,0.6196603775024414,0.0349588468670845,0.010015876963734627,0.003684635041281581,0.9999958872795105,True
37,park,congruent,4.835168838500977,0.835355818271637,5,1.3951862456451636e-05,6.590393240912817e-06,0.00013237158418633044,0.16449129581451416,0.835355818271637,0.9999997615814209,True
37,playroom,congruent,4.651118755340576,0.6512702107429504,5,8.471265573462006e-06,4.534341769613093e-06,0.00011694221029756591,0.3485998511314392,0.6512702107429504,0.9999996423721313,True
37,park,incongruent,1.976835012435913,0.9521152973175049,2,0.036917515099048615,0.9521152973175049,0.008237411268055439,0.0026742960326373577,5.5503242037957534e-05,0.999999463558197,True
37,playroom,incongruent,2.4780304431915283,0.6113806366920471,2,0.004119450226426125,0.6113806366920471,0.2887957692146301,0.09375825524330139,0.0019458906026557088,0.9999956488609314,True
38,backyard,congruent,4.468177318572998,0.5310109853744507,4,2.4107861463562585e-05,1.656907443248201e-05,0.0003327987215016037,0.5310109853744507,0.4686155319213867,0.9999992847442627,True
38,bedroom,congruent,4.241326808929443,0.7527626752853394,4,7.234926306409761e-05,6.384799780789763e-05,0.0027148860972374678,0.7527626752853394,0.24438625574111938,0.9999985694885254,True
38,backyard,incongruent,1.0680608749389648,0.9322484135627747,1,0.9322484135627747,0.06753185391426086,0.0001477253099437803,5.4345106036635116e-05,1.7643273167777807e-05,0.9999997019767761,True
38,bedroom,incongruent,2.0065340995788574,0.9463777542114258,2,0.02522011287510395,0.9463777542114258,0.02522011287510395,0.0030121130403131247,0.000169931779964827,0.9999984502792358,True
39,excitedly,congruent,4.050490379333496,0.88646000623703,4,0.0001239640114363283,0.0006295411731116474,0.03033299185335636,0.88646000623703,0.08245361596345901,0.9999957084655762,True
39,solemnly,congruent,3.870718002319336,0.7747904062271118,4,0.00033373519545421004,0.002465988276526332,0.17287911474704742,0.7747904062271118,0.049530692398548126,0.9999882578849792,True
39,excitedly,incongruent,2.127810001373291,0.8615850806236267,2,0.010845756158232689,0.8615850806236267,0.11660286039113998,0.010845756158232689,0.00012048547068843618,0.9999973177909851,True
39,solemnly,incongruent,2.173046112060547,0.8452306985855103,2,0.0023740793112665415,0.8452306985855103,0.12962032854557037,0.02252463437616825,0.0002502261195331812,0.9999969005584717,True
40,car,congruent,3.610556125640869,0.6039141416549683,4,0.0011658285511657596,0.016093766316771507,0.36629241704940796,0.6039141416549683,0.012533836998045444,0.999984860420227,True
40,sock,congruent,1.8750710487365723,0.4799044132232666,2,0.32983314990997314,0.4799044132232666,0.17654697597026825,0.012789019383490086,0.0009264334221370518,0.9999929070472717,True
40,car,incongruent,2.7388813495635986,0.5988133549690247,3,0.05569831654429436,0.24962253868579865,0.5988133549690247,0.09183100610971451,0.004034772515296936,0.9999897480010986,True
40,sock,incongruent,1.0766932964324951,0.9281885623931885,1,0.9281885623931885,0.06723775714635849,0.004298366140574217,0.00024249718990176916,3.2818428735481575e-05,0.9999988079071045,True
41,naked,congruent,3.7778282165527344,0.6868342757225037,4,0.009797164238989353,0.034195464104413986,0.19678132236003876,0.6868342757225037,0.0723918005824089,0.9999791979789734,True
41,overdressed,congruent,4.093603134155273,0.8830869197845459,4,9.617591422284022e-05,0.00023071400937624276,0.011116424575448036,0.8830869197845459,0.10546969622373581,0.9999973177909851,True
41,naked,incongruent,1.9293029308319092,0.5694761872291565,2,0.2690015137195587,0.5694761872291565,0.12706731259822845,0.03212764859199524,0.0023273190017789602,0.9999851584434509,True
41,overdressed,incongruent,1.4774073362350464,0.6093543171882629,1,0.6093543171882629,0.3261638879776001,0.04414147883653641,0.018400905653834343,0.0019394413102418184,0.9999914169311523,True
42,lively,congruent,4.37648868560791,0.6219950914382935,4,7.139819899748545e-06,1.0388375812908635e-05,0.0007282813894562423,0.6219950914382935,0.37725910544395447,0.9999994039535522,True
42,shy,congruent,3.9824042320251465,0.9435518383979797,4,3.336163717904128e-05,0.0002465109864715487,0.036585476249456406,0.9435518383979797,0.01958279311656952,0.9999983906745911,True
42,lively,incongruent,2.964930534362793,0.7105304598808289,3,0.003728521754965186,0.1585407853126526,0.7105304598808289,0.12347166985273361,0.003728521754965186,0.9999910593032837,True
42,shy,incongruent,2.4249494075775146,0.6143033504486084,2,0.006022418383508921,0.6143033504486084,0.3288128972053528,0.05042508617043495,0.00043626248952932656,0.9999943375587463,True
43,flattered,congruent,3.9599404335021973,0.7379833459854126,4,0.0008640896412543952,0.0026615834794938564,0.14531752467155457,0.7379833459854126,0.11317341774702072,0.9999895095825195,True
43,offended,congruent,3.8395116329193115,0.6619874238967896,4,0.003936321008950472,0.01764136739075184,0.21491584181785583,0.6619874238967896,0.10151906311511993,0.9999800324440002,True
43,flattered,incongruent,2.6552164554595947,0.5170750021934509,3,0.0699784904718399,0.31362184882164,0.5170750021934509,0.0898541510105133,0.009470558725297451,0.9999845027923584,True
43,offended,incongruent,3.392855644226074,0.4421420097351074,3,0.009176364168524742,0.09865521639585495,0.4421420097351074,0.39018893241882324,0.05983741208910942,0.9999775886535645,True
44,cellmate,congruent,4.0306220054626465,0.9476186037063599,4,4.875010927207768e-05,0.00017015458433888853,0.010527092963457108,0.9476186037063599,0.041635457426309586,0.9999982714653015,True
44,grandkid,congruent,4.403913974761963,0.591315507888794,4,6.439944263547659e-05,8.26905234134756e-05,0.0021326167043298483,0.591315507888794,0.4064048230648041,0.9999980330467224,True
44,cellmate,incongruent,2.227559804916382,0.7045208215713501,2,0.045038506388664246,0.7045208215713501,0.2287244200706482,0.021274685859680176,0.0004415419534780085,0.9999959468841553,True
44,grandkid,incongruent,1.9359502792358398,0.8643629550933838,2,0.10323343425989151,0.8643629550933838,0.026101499795913696,0.00582403177395463,0.00047806563088670373,0.9999974370002747,True
45,fired,congruent,4.145638465881348,0.8224394917488098,4,0.0001476773904869333,0.00040142881334759295,0.015063504688441753,0.8224394917488098,0.16194792091846466,0.9999969005584717,True
45,promoted,congruent,4.3163604736328125,0.6769689917564392,4,4.471820648177527e-05,7.37278678570874e-05,0.0031349887140095234,0.6769689917564392,0.3197775185108185,0.9999982118606567,True
45,fired,incongruent,1.9929134845733643,0.7603798508644104,2,0.13213419914245605,0.7603798508644104,0.09081442654132843,0.015781180933117867,0.0008903132402338088,0.999994158744812,True
45,promoted,incongruent,1.685788869857788,0.47518450021743774,1,0.47518450021743774,0.4193488657474518,0.06430923193693161,0.026808077469468117,0.01434932928532362,0.999988317489624,True
46,celebration,congruent,4.261743068695068,0.7272026538848877,4,0.0001305766636505723,0.0002439493255224079,0.004899852909147739,0.7272026538848877,0.267522931098938,0.999997079372406,True
46,shooting,congruent,4.036328315734863,0.8186120390892029,4,0.0004527615092229098,0.002952375914901495,0.06719576567411423,0.8186120390892029,0.11078708618879318,0.9999933838844299,True
46,celebration,incongruent,2.6215450763702393,0.3545140027999878,2,0.16746056079864502,0.3545140027999878,0.21502360701560974,0.21502360701560974,0.04797825217247009,0.9999848008155823,True
46,shooting,incongruent,3.616661310195923,0.6070860624313354,4,0.0024810219183564186,0.03880970925092697,0.3249497413635254,0.6070860624313354,0.02667349949479103,0.9999812841415405,True
47,beer,congruent,3.7256743907928467,0.7024814486503601,4,0.0013561082305386662,0.016520781442523003,0.25842851400375366,0.7024814486503601,0.021213103085756302,0.9999862909317017,True
47,crayon,congruent,3.9037489891052246,0.8332286477088928,4,0.0003167343675158918,0.00206536753103137,0.1277797669172287,0.8332286477088928,0.03660951182246208,0.9999932050704956,True
47,beer,incongruent,1.016459584236145,0.9838374257087708,1,0.9838374257087708,0.01590225100517273,0.0002268334210384637,3.069856757065281e-05,2.8554115942824865e-06,0.9999998211860657,True
47,crayon,incongruent,1.0046478509902954,0.9953752160072327,1,0.9953752160072327,0.004609501920640469,8.898431588022504e-06,5.397171207732754e-06,1.062766045833996e-06,0.9999999403953552,True
48,taxi,congruent,4.071689128875732,0.9040723443031311,4,0.00011157138942508027,0.00034366408362984657,0.011380591429769993,0.9040723443031311,0.08409182727336884,0.9999975562095642,True
48,waiter,congruent,3.7440500259399414,0.7110281586647034,4,0.0025643680710345507,0.02433004602789879,0.23083704710006714,0.7110281586647034,0.031240398064255714,0.9999850988388062,True
48,taxi,incongruent,2.967439651489258,0.4568656086921692,3,0.010744449682533741,0.2771030068397522,0.4568656086921692,0.24454253911972046,0.010744449682533741,0.9999864101409912,True
48,waiter,incongruent,1.4747200012207031,0.5293139219284058,1,0.5293139219284058,0.46711787581443787,0.0031474153511226177,0.0003759051614906639,4.489547063712962e-05,0.9999983310699463,True
49,keys,congruent,3.7792062759399414,0.7331434488296509,4,0.00035784384817816317,0.0033951278310269117,0.23801681399345398,0.7331434488296509,0.025086788460612297,0.9999915361404419,True
49,parents,congruent,3.806468963623047,0.7519623637199402,4,0.00036702927900478244,0.0030730983708053827,0.21544083952903748,0.7519623637199402,0.029156744480133057,0.9999934434890747,True
49,keys,incongruent,2.75480055809021,0.6777039170265198,3,0.02318975143134594,0.2493133544921875,0.6777039170265198,0.04909270629286766,0.0007002698257565498,0.9999951124191284,True
49,parents,incongruent,2.873170852661133,0.6705541014671326,3,0.007449184078723192,0.21769705414772034,0.6705541014671326,0.10283280909061432,0.0014668311923742294,0.9999903440475464,True
50,sky,congruent,4.730413436889648,0.7308193445205688,5,2.9280490707606077e-05,2.0124170987401158e-05,0.000277805607765913,0.26885342597961426,0.7308193445205688,0.9999990463256836,True
50,sofa,congruent,4.092099189758301,0.9021906852722168,4,8.671104296809062e-05,9.825648157857358e-05,0.002534068189561367,0.9021906852722168,0.09509019553661346,0.9999979734420776,True
50,sky,incongruent,2.725318431854248,0.46758899092674255,2,0.008564190939068794,0.46758899092674255,0.32136890292167664,0.19492007791996002,0.007557871751487255,0.999984860420227,True
50,sofa,incongruent,2.3695828914642334,0.5995173454284668,2,0.08113584667444229,0.5995173454284668,0.19463478028774261,0.11805196106433868,0.006660036742687225,0.9999822974205017,True
51,homework,congruent,3.6915838718414307,0.6602469682693481,4,0.0006020672735758126,0.007334681693464518,0.31187859177589417,0.6602469682693481,0.019937731325626373,0.9999934434890747,True
51,obesity,congruent,3.8538167476654053,0.8176933526992798,4,0.00027430555201135576,0.0017886969726532698,0.16101334989070892,0.8176933526992798,0.019230304285883904,0.9999954104423523,True
51,homework,incongruent,2.6097655296325684,0.524938702583313,3,0.0488269068300724,0.36078476905822754,0.524938702583313,0.0626949891448021,0.0027546256314963102,0.9999911785125732,True
51,obesity,incongruent,1.8105180263519287,0.6525059938430786,2,0.27200496196746826,0.6525059938430786,0.06877362728118896,0.006396944168955088,0.0003184851084370166,0.9999973177909851,True
52,commute,congruent,4.32019567489624,0.6788743734359741,4,1.1338355761836283e-05,1.1338355761836283e-05,0.00042546866461634636,0.6788743734359741,0.3206775486469269,0.9999992847442627,True
52,quiz,congruent,4.318642616271973,0.6781824827194214,4,8.369436545763165e-05,7.386002107523382e-05,0.0013092001900076866,0.6781824827194214,0.3203507363796234,0.9999986290931702,True
52,commute,incongruent,2.2541847229003906,0.7218642234802246,2,0.04072479531168938,0.7218642234802246,0.18251585960388184,0.05229167267680168,0.0026034489274024963,0.9999923706054688,True
52,quiz,incongruent,2.2901487350463867,0.5829828381538391,2,0.101307213306427,0.5829828381538391,0.24302339553833008,0.06962736696004868,0.003059213049709797,0.9999896883964539,True
53,excitement,congruent,4.31874418258667,0.6781421899795532,4,1.8673628801479936e-05,2.3977412638487294e-05,0.0014834300382062793,0.6781421899795532,0.3203316926956177,0.9999987483024597,True
53,migraine,congruent,4.347517013549805,0.6508349776268005,4,1.5815830920473672e-05,2.0307928934926167e-05,0.0007620493997819722,0.6508349776268005,0.3483668565750122,0.9999990463256836,True
53,excitement,incongruent,2.0023746490478516,0.5830166935920715,2,0.21447987854480743,0.5830166935920715,0.1892777979373932,0.01210012473165989,0.00112548703327775,0.9999950528144836,True
53,migraine,incongruent,1.9185388088226318,0.8544502258300781,2,0.11563726514577866,0.8544502258300781,0.025802161544561386,0.003956889733672142,0.00015342525148298591,0.9999980926513672,True
54,husband,congruent,4.754415988922119,0.7547324895858765,5,3.0238579711294733e-05,1.4283694326877594e-05,0.00019718031398952007,0.24502576887607574,0.7547324895858765,0.9999989867210388,True
54,niece,congruent,4.097906112670898,0.841214120388031,4,0.0003197698388248682,0.0006769527681171894,0.02878476306796074,0.841214120388031,0.1290043592453003,0.9999929666519165,True
54,husband,incongruent,3.781428098678589,0.6206657886505127,4,0.004182013217359781,0.021238015964627266,0.25873199105262756,0.6206657886505127,0.09518218785524368,0.9999720454216003,True
54,niece,incongruent,2.9801528453826904,0.5323494076728821,3,0.023389801383018494,0.22191624343395233,0.5323494076728821,0.19584041833877563,0.026504114270210266,0.9999775886535645,True
55,film,congruent,4.0763325691223145,0.8475571870803833,4,0.0001343050244031474,0.0003650789149105549,0.037239063531160355,0.8475571870803833,0.11470438539981842,0.9999957084655762,True
55,sunrise,congruent,3.7892966270446777,0.7177664041519165,4,0.000741666357498616,0.007973665371537209,0.23302464187145233,0.7177664041519165,0.040493614971637726,0.9999839663505554,True
55,film,incongruent,1.8997154235839844,0.6047806143760681,2,0.2521100640296936,0.6047806143760681,0.13494479656219482,0.007613064255565405,0.0005514885415323079,0.9999966025352478,True
55,sunrise,incongruent,1.9190802574157715,0.6950196623802185,2,0.1991264820098877,0.6950196623802185,0.09406068176031113,0.011233946308493614,0.0005593052483163774,0.9999951124191284,True
56,banquet,congruent,4.093479156494141,0.8618019819259644,4,0.00028910234686918557,0.0010090663563460112,0.020267639309167862,0.8618019819259644,0.11663221567869186,0.9999951124191284,True
56,lecture,congruent,4.082449913024902,0.91275554895401,4,2.21807185880607e-05,6.029344513081014e-05,0.002262494992464781,0.91275554895401,0.08489949256181717,0.9999992847442627,True
56,banquet,incongruent,1.0260310173034668,0.9740151166915894,1,0.9740151166915894,0.025956623256206512,1.6267709725070745e-05,5.984556082694326e-06,5.984556082694326e-06,0.9999997615814209,True
56,lecture,incongruent,1.7998616695404053,0.7972450852394104,2,0.2015751302242279,0.7972450852394104,0.0009334780042991042,0.00023602021974511445,1.0370004019932821e-05,0.9999996423721313,True
57,drink,congruent,3.72451114654541,0.6846798658370972,4,0.0005509845213964581,0.005923641379922628,0.28541702032089233,0.6846798658370972,0.023428456857800484,0.9999902248382568,True
57,textbook,congruent,3.968090295791626,0.9135021567344666,4,6.837731052655727e-05,0.0004458760959096253,0.05839823558926582,0.9135021567344666,0.02758537419140339,0.999996542930603,True
57,drink,incongruent,1.1892530918121338,0.8146346211433411,1,0.8146346211433411,0.18176956474781036,0.0033292255830019712,0.00024116829445119947,2.5418950826860964e-05,0.9999990463256836,True
57,textbook,incongruent,1.5958220958709717,0.5915345549583435,2,0.4065553843975067,0.5915345549583435,0.0014662676258012652,0.0004200926923658699,2.370000584051013e-05,0.9999995827674866,True
58,pool,congruent,4.240889072418213,0.7524890303611755,4,5.63251887797378e-05,8.195266127586365e-05,0.0030752508901059628,0.7524890303611755,0.24429742991924286,0.9999983310699463,True
58,snow,congruent,3.751765727996826,0.6653090715408325,4,0.0007789967930875719,0.008375005796551704,0.2773420810699463,0.6653090715408325,0.04819482937455177,0.9999873638153076,True
58,pool,incongruent,1.016029715538025,0.9840408563613892,1,0.9840408563613892,0.015905538573861122,3.9425885915989056e-05,1.1295706826786045e-05,2.8560020837176125e-06,0.9999999403953552,True
58,snow,incongruent,2.2843170166015625,0.6371555924415588,2,0.05926469713449478,0.6371555924415588,0.26560595631599426,0.03594585880637169,0.0020279265008866787,0.9999932050704956,True
59,passport,congruent,3.97806715965271,0.8412210941314697,4,0.0001939518260769546,0.0008692317642271519,0.08866404742002487,0.8412210941314697,0.06905163079500198,0.9999933242797852,True
59,plushy,congruent,4.590604782104492,0.5919430255889893,5,3.910168743459508e-05,3.910168743459508e-05,0.001142718829214573,0.4068360924720764,0.5919430255889893,0.9999986886978149,True
59,passport,incongruent,1.8245302438735962,0.5004140734672546,2,0.3439292311668396,0.5004140734672546,0.14337103068828583,0.011768611147999763,0.0005170766380615532,0.9999957084655762,True
59,plushy,incongruent,1.5010452270507812,0.6549578905105591,1,0.6549578905105591,0.21263368427753448,0.11381459981203079,0.013593216426670551,0.0050006648525595665,0.9999959468841553,True
60,father,congruent,4.705134391784668,0.705528199672699,5,1.0398919584986288e-05,9.177015272143763e-06,0.00034436496207490563,0.2941078841686249,0.705528199672699,0.9999994039535522,True
60,sister,congruent,4.434597969055176,0.5609785318374634,4,5.3916573961032555e-05,5.3916573961032555e-05,0.0020232044626027346,0.5609785318374634,0.43689051270484924,0.9999983906745911,True
60,father,incongruent,2.8486738204956055,0.6843200922012329,3,0.008614319376647472,0.22216621041297913,0.6843200922012329,0.08173038065433502,0.0031690311152487993,0.9999915361404419,True
60,sister,incongruent,3.283964157104492,0.5375199913978577,3,0.008688201196491718,0.09340696036815643,0.5375199913978577,0.32602235674858093,0.03436250239610672,0.9999774694442749,True
61,game,congruent,4.026843070983887,0.9230450987815857,4,6.909162038937211e-05,0.00021281714725773782,0.024598319083452225,0.9230450987815857,0.05207464471459389,0.9999977350234985,True
61,sunset,congruent,4.289150238037109,0.7031044363975525,4,4.098723366041668e-05,6.757652590749785e-05,0.0036895533557981253,0.7031044363975525,0.29309752583503723,0.9999983906745911,True
61,game,incongruent,3.2658822536468506,0.6760639548301697,3,0.002762919059023261,0.029704179614782333,0.6760639548301697,0.28182539343833923,0.009643534198403358,0.999985933303833,True
61,sunset,incongruent,2.247857093811035,0.6736712455749512,2,0.06266118586063385,0.6736712455749512,0.21870902180671692,0.0430663600564003,0.0018922039307653904,0.9999923706054688,True
62,funeral,congruent,3.07814884185791,0.3717292249202728,3,0.020971529185771942,0.25548550486564636,0.3717292249202728,0.3280498683452606,0.023763852193951607,0.9999806880950928,True
62,holidays,congruent,3.0942916870117188,0.504720151424408,3,0.01727057434618473,0.1856761872768402,0.504720151424408,0.27015724778175354,0.022175855934619904,0.9999837875366211,True
62,funeral,incongruent,2.393205165863037,0.5513907074928284,2,0.05811615288257599,0.5513907074928284,0.334435373544693,0.051287323236465454,0.004770464263856411,0.9999887943267822,True
62,holidays,incongruent,2.7037715911865234,0.4132351279258728,3,0.05592529475688934,0.3646787106990814,0.4132351279258728,0.15202072262763977,0.014140128158032894,0.9999837875366211,True
63,affair,congruent,4.5127153396606445,0.5253974199295044,5,0.0004228046745993197,0.000895077595487237,0.009622990153729916,0.4636616110801697,0.5253974199295044,0.9999963045120239,True
63,grades,congruent,4.092979431152344,0.8828353881835938,4,0.00012345713912509382,0.0004882824141532183,0.011113257147371769,0.8828353881835938,0.10543964803218842,0.999997079372406,True
63,affair,incongruent,3.126359701156616,0.4847376346588135,3,0.01879531890153885,0.17832502722740173,0.4847376346588135,0.2940082550048828,0.02413366548717022,0.9999743700027466,True
63,grades,incongruent,2.178945779800415,0.5262539982795715,2,0.19359806180000305,0.5262539982795715,0.19359806180000305,0.08070366829633713,0.005846154410392046,0.9999859929084778,True
64,arrest,congruent,3.367877721786499,0.47266900539398193,4,0.016173843294382095,0.11950943619012833,0.36811497807502747,0.47266900539398193,0.023532802239060402,0.9999692440032959,True
64,stroke,congruent,3.657423496246338,0.6345603466033936,4,0.006221011281013489,0.027880636975169182,0.2997450828552246,0.6345603466033936,0.031592898070812225,0.9999783039093018,True
64,arrest,incongruent,2.891079902648926,0.5010752081871033,3,0.06781315058469772,0.20887921750545502,0.5010752081871033,0.20887921750545502,0.013353201560676098,0.9999797344207764,True
64,stroke,incongruent,2.3880491256713867,0.36962297558784485,2,0.19784492254257202,0.36962297558784485,0.2878626585006714,0.13597670197486877,0.008692699484527111,0.9999843239784241,True
65,coffee,congruent,4.099792957305908,0.8878610730171204,4,3.139254840789363e-05,8.533379150321707e-05,0.005982360802590847,0.8878610730171204,0.10603988170623779,0.9999993443489075,True
65,pacifier,congruent,3.638594627380371,0.6150273084640503,4,0.0017274852143600583,0.027022413909435272,0.3292003870010376,0.6150273084640503,0.027022413909435272,0.9999864101409912,True
65,coffee,incongruent,1.0724765062332153,0.9301561117172241,1,0.9301561117172241,0.06738028675317764,0.0023056266363710165,0.0001473937591072172,1.0677168575057294e-05,0.9999996423721313,True
65,pacifier,incongruent,1.1713218688964844,0.8328530788421631,1,0.8328530788421631,0.16399848461151123,0.0023393130395561457,0.0005914709181524813,0.00021758998627774417,0.9999988675117493,True
66,sentencing,congruent,4.013909816741943,0.9121953845024109,4,0.00023831882572267205,0.0007340737502090633,0.03536965325474739,0.9121953845024109,0.05146254599094391,0.9999964237213135,True
66,sweets,congruent,4.835152626037598,0.8353447318077087,5,9.588839020580053e-06,6.590305929421447e-06,0.00014999466657172889,0.16448912024497986,0.8353447318077087,0.9999996423721313,True
66,sentencing,incongruent,1.5379314422607422,0.5290045142173767,2,0.4668448567390442,0.5290045142173767,0.003564404556527734,0.0005466191214509308,3.9596961869392544e-05,0.9999991655349731,True
66,sweets,incongruent,1.0000262260437012,0.9999749660491943,1,0.9999749660491943,2.4300223230966367e-05,2.6995107305083366e-07,2.1023812735165848e-07,1.8553450331637578e-07,0.9999999403953552,True
67,nap,congruent,4.962604999542236,0.9626431465148926,5,2.7938990569964517e-06,1.9202168459742097e-06,2.650777605595067e-05,0.037325724959373474,0.9626431465148926,0.9999997615814209,True
67,selfie,congruent,4.9875288009643555,0.9875526428222656,5,3.2478235425514868e-06,1.3538942766899709e-06,1.1336018360452726e-05,0.012431452982127666,0.9875526428222656,0.9999997615814209,True
67,nap,incongruent,1.3816218376159668,0.6212241053581238,1,0.6212241053581238,0.37679147720336914,0.001358922221697867,0.0003893377142958343,0.00023614529345650226,0.9999987483024597,True
67,selfie,incongruent,1.0146033763885498,0.985706627368927,1,0.985706627368927,0.014060349203646183,0.00017699367890600115,3.485212437226437e-05,2.113888149324339e-05,0.9999995827674866,True
68,diaper,congruent,4.107326984405518,0.8719004988670349,4,0.00015655862807761878,0.0002581215521786362,0.009685940109193325,0.8719004988670349,0.11799889802932739,0.9999966621398926,True
68,tire,congruent,4.866874694824219,0.8669695258140564,5,6.8398039729800075e-06,4.7009239096951205e-06,6.489425868494436e-05,0.13295409083366394,0.8669695258140564,0.9999996423721313,True
68,diaper,incongruent,1.000059723854065,0.9999412298202515,1,0.9999412298202515,5.8291236200602725e-05,2.6994197810381593e-07,1.6372808886444545e-07,9.930611355457586e-08,1.0000001192092896,True
68,tire,incongruent,1.0000088214874268,0.9999929666519165,1,0.9999929666519165,6.144169219624018e-06,2.6995593316314626e-07,4.4508209384730435e-07,1.8553784286723385e-07,0.9999999403953552,True
69,chemotherapy,congruent,3.831421375274658,0.7956106066703796,4,0.0009315641946159303,0.00473087327554822,0.17752473056316376,0.7956106066703796,0.02120230346918106,0.9999907612800598,True
69,golf,congruent,4.1070146560668945,0.8717799186706543,4,0.00017737963935360312,0.00037551269633695483,0.009684600867331028,0.8717799186706543,0.11798258125782013,0.9999967813491821,True
69,chemotherapy,incongruent,1.2968910932540894,0.704778254032135,1,0.704778254032135,0.29379528760910034,0.0012006743345409632,0.0002086459135171026,1.712669836706482e-05,0.9999990463256836,True
69,golf,incongruent,1.0079275369644165,0.9927853345870972,1,0.9927853345870972,0.006689334753900766,0.00037738645914942026,0.00010812302934937179,3.977623418904841e-05,0.9999994039535522,True
70,lullaby,congruent,3.8936972618103027,0.7570357322692871,4,0.0005376273766160011,0.0030938321724534035,0.16891752183437347,0.7570357322692871,0.07041529566049576,0.9999900460243225,True
70,thunder,congruent,2.9200491905212402,0.6105236411094666,3,0.007685358636081219,0.22459912300109863,0.6105236411094666,0.15436455607414246,0.0028272857889533043,0.9999885559082031,True
70,lullaby,incongruent,1.5315630435943604,0.49041008949279785,1,0.49041008949279785,0.49041008949279785,0.016780911013484,0.0020041940733790398,0.00039464919245801866,0.9999979734420776,True
70,thunder,incongruent,1.7912688255310059,0.624633252620697,2,0.2950558662414551,0.624633252620697,0.07460180670022964,0.00540413660928607,0.0003048805519938469,0.9999975562095642,True
71,pajamas,congruent,4.010023593902588,0.8968554139137268,4,0.0003409207274671644,0.0008178263087756932,0.04465179890394211,0.8968554139137268,0.0573340468108654,0.9999948740005493,True
71,uniform,congruent,4.083402633666992,0.8952681422233582,4,0.00016075452731456608,0.0002650394453667104,0.009945531375706196,0.8952681422233582,0.09436056762933731,0.9999968409538269,True
71,pajamas,incongruent,1.9423692226409912,0.8178018927574158,2,0.12541398406028748,0.8178018927574158,0.04613722860813141,0.010294606909155846,0.00035226208274252713,0.9999950528144836,True
71,uniform,incongruent,1.4471631050109863,0.5594337582588196,1,0.5594337582588196,0.43568745255470276,0.0033265145029872656,0.0013866977533325553,0.0001656174281379208,0.9999983906745911,True
72,gown,congruent,4.078631401062012,0.8912667632102966,4,0.000124636193504557,0.00026385483215563,0.014405985362827778,0.8912667632102966,0.09393882006406784,0.9999963045120239,True
72,sweats,congruent,4.036953926086426,0.9063953161239624,4,0.0001844227808760479,0.00039042302523739636,0.027370767667889595,0.9063953161239624,0.0656590610742569,0.9999964237213135,True
72,gown,incongruent,1.245802640914917,0.7546622157096863,1,0.7546622157096863,0.24500295519828796,0.00022341379371937364,9.313271584687755e-05,1.8338918380322866e-05,0.9999995231628418,True
72,sweats,incongruent,1.6612331867218018,0.6075822114944458,2,0.3685172498226166,0.6075822114944458,0.018347393721342087,0.005256616044789553,0.00029655799153260887,0.9999971389770508,True
73,bed,congruent,4.081183433532715,0.8938060998916626,4,0.00029983854619786143,0.00043626254773698747,0.011251358315348625,0.8938060998916626,0.09420646727085114,0.9999971985816956,True
73,deadline,congruent,3.940246105194092,0.8733779191970825,4,0.0001568239094922319,0.0005473692435771227,0.0920533537864685,0.8733779191970825,0.03386453539133072,0.9999972581863403,True
73,bed,incongruent,1.48765230178833,0.6950796842575073,1,0.6950796842575073,0.13686929643154144,0.1550932377576828,0.011234916746616364,0.0017229303484782577,0.999997079372406,True
73,deadline,incongruent,1.0062402486801147,0.993946373462677,1,0.993946373462677,0.005910220555961132,0.00010824947821674868,2.7369755116524175e-05,7.841565093258396e-06,0.9999999403953552,True
74,jail,congruent,4.049155235290527,0.8063996434211731,4,0.0008332508732564747,0.0029083313420414925,0.06619331240653992,0.8063996434211731,0.12366539984941483,0.9999946355819702,True
74,kindergarten,congruent,3.9957098960876465,0.805617094039917,4,0.00039321789517998695,0.0015552068362012506,0.09621724486351013,0.805617094039917,0.09621724486351013,0.9999939203262329,True
74,jail,incongruent,2.780702829360962,0.4860652983188629,3,0.05123090371489525,0.29481351375579834,0.4860652983188629,0.1578022986650467,0.010087963193655014,0.9999862909317017,True
74,kindergarten,incongruent,1.7253473997116089,0.5341720581054688,1,0.5341720581054688,0.25232502818107605,0.1734202802181244,0.034148477017879486,0.005934116430580616,0.9999931454658508,True
75,interrogated,congruent,4.141634941101074,0.8474434614181519,4,8.144919411279261e-05,0.0001724279427435249,0.00503908284008503,0.8474434614181519,0.1472635716199875,0.9999975562095642,True
75,tickled,congruent,4.03187894821167,0.8872877359390259,4,0.00018053498934023082,0.0007140297093428671,0.03898470103740692,0.8872877359390259,0.07283300906419754,0.9999959468841553,True
75,interrogated,incongruent,1.6333324909210205,0.5368465781211853,2,0.41809651255607605,0.5368465781211853,0.03888903558254242,0.005963827017694712,0.00020407092233654112,0.9999971389770508,True
75,tickled,incongruent,1.0181400775909424,0.9819498658180237,1,0.9819498658180237,0.017985038459300995,4.458045441424474e-05,1.6400232198066078e-05,4.1466282709734514e-06,0.9999997019767761,True
76,sandcastle,congruent,4.058514595031738,0.9247990250587463,4,6.108899106038734e-05,0.0001465448731323704,0.00800107978284359,0.9247990250587463,0.06699222326278687,0.9999979138374329,True
76,snowman,congruent,4.880660533905029,0.8807420134544373,5,7.873636604927015e-06,3.2822199500515126e-06,5.1342558435862884e-05,0.11919546872377396,0.8807420134544373,0.9999996423721313,True
76,sandcastle,incongruent,1.0204695463180542,0.9796110391616821,1,0.9796110391616821,0.02033117786049843,3.924840348190628e-05,1.4438681319006719e-05,4.136751613259548e-06,0.9999997615814209,True
76,snowman,incongruent,1.4081339836120605,0.5924236178398132,1,0.5924236178398132,0.40716642141342163,0.00028915918665006757,9.387623140355572e-05,2.6895992050413042e-05,0.9999995231628418,True
77,music,congruent,4.914675712585449,0.9148107767105103,5,1.5278896171366796e-05,5.62079185328912e-06,7.75926309870556e-05,0.08509065210819244,0.9148107767105103,0.9999997019767761,True
77,pizza,congruent,4.7538251876831055,0.7545408606529236,5,9.311773465014994e-05,3.4256103390362114e-05,0.000368287815945223,0.24496354162693024,0.7545408606529236,0.9999988675117493,True
77,music,incongruent,1.0000041723251343,0.9999963045120239,1,0.9999963045120239,3.2887478482734878e-06,8.764215664314179e-08,1.275185894655806e-07,1.1253475662442725e-07,0.9999998807907104,True
77,pizza,incongruent,1.000009298324585,0.9999909400939941,1,0.9999909400939941,8.939695362641942e-06,6.023519460995885e-08,5.315737183764213e-08,2.5109763157615816e-08,1.0,True
78,cartoon,congruent,4.904541969299316,0.9046056270599365,5,5.55808901481214e-06,2.975030838570092e-06,4.1069033613894135e-05,0.09534472972154617,0.9046056270599365,0.9999997615814209,True
78,playoffs,congruent,3.9627280235290527,0.8544734120368958,4,0.00015342941333074123,0.0006876229308545589,0.09006083011627197,0.8544734120368958,0.05462465435266495,0.9999940991401672,True
78,cartoon,incongruent,2.0227696895599365,0.9371805191040039,2,0.024975014850497246,0.9371805191040039,0.028300398960709572,0.009187795221805573,0.00035624945303425193,0.9999983906745911,True
78,playoffs,incongruent,1.7346231937408447,0.7292657494544983,2,0.2682819068431854,0.7292657494544983,0.0020483573898673058,0.00035595116787590086,4.817274384549819e-05,0.9999992251396179,True
79,academics,congruent,4.405942916870117,0.5921108722686768,4,2.372309609199874e-05,2.372309609199874e-05,0.0008902027038857341,0.5921108722686768,0.4069514870643616,0.9999991655349731,True
79,alcoholism,congruent,4.045900344848633,0.8987525701522827,4,6.727327854605392e-05,0.00026607097242958844,0.027139976620674133,0.8987525701522827,0.07377410680055618,0.9999975562095642,True
79,academics,incongruent,1.3165174722671509,0.6970462799072266,1,0.6970462799072266,0.2905721068382263,0.01126670278608799,0.0010479666525498033,6.699426739942282e-05,0.999998927116394,True
79,alcoholism,incongruent,2.9425973892211914,0.8388087749481201,3,0.006404383573681116,0.10018142312765121,0.8388087749481201,0.0536232516169548,0.0009821440326049924,0.9999951124191284,True
